,asd_desc,agg_level_desc,year,crop,info,class_desc,domain_desc,unit_desc,commodity_desc,value
1,,STATE,2015,"BARLEY, ORGANIC ",ACRES HARVESTED,ALL CLASSES,ORGANIC STATUS,ACRES,BARLEY,17352
2,,STATE,2015,"BARLEY, ORGANIC ",OPERATIONS WITH AREA HARVESTED,ALL CLASSES,ORGANIC STATUS,OPERATIONS,BARLEY,59
3,,STATE,2015,"BEANS, DRY EDIBLE, BLACK, ORGANIC ",OPERATIONS WITH AREA HARVESTED,"DRY EDIBLE, BLACK",ORGANIC STATUS,OPERATIONS,BEANS,1
4,,STATE,2015,"BEANS, DRY EDIBLE, INCL CHICKPEAS, ORGANIC ",ACRES HARVESTED,"DRY EDIBLE, INCL CHICKPEAS",ORGANIC STATUS,ACRES,BEANS,562
5,,STATE,2015,"BEANS, DRY EDIBLE, INCL CHICKPEAS, ORGANIC ",OPERATIONS WITH AREA HARVESTED,"DRY EDIBLE, INCL CHICKPEAS",ORGANIC STATUS,OPERATIONS,BEANS,18
6,,STATE,2015,"BEANS, DRY EDIBLE, OTHER, ORGANIC ",ACRES HARVESTED,"DRY EDIBLE, OTHER",ORGANIC STATUS,ACRES,BEANS,382
7,,STATE,2015,"BEANS, DRY EDIBLE, OTHER, ORGANIC ",OPERATIONS WITH AREA HARVESTED,"DRY EDIBLE, OTHER",ORGANIC STATUS,OPERATIONS,BEANS,12
8,,STATE,2015,"BEANS, DRY EDIBLE, PINTO, ORGANIC ",OPERATIONS WITH AREA HARVESTED,"DRY EDIBLE, PINTO",ORGANIC STATUS,OPERATIONS,BEANS,8
9,,STATE,2015,"CORN, GRAIN, ORGANIC ",ACRES HARVESTED,ALL CLASSES,ORGANIC STATUS,ACRES,CORN,304
10,,STATE,2015,"CORN, GRAIN, ORGANIC ",OPERATIONS WITH AREA HARVESTED,ALL CLASSES,ORGANIC STATUS,OPERATIONS,CORN,13
11,,STATE,2015,"CORN, SILAGE, ORGANIC ",OPERATIONS WITH AREA HARVESTED,ALL CLASSES,ORGANIC STATUS,OPERATIONS,CORN,5
12,,STATE,2015,"FIELD CROP TOTALS, ORGANIC ",ACRES HARVESTED,ALL CLASSES,ORGANIC STATUS,ACRES,FIELD CROP TOTALS,81619
13,,STATE,2015,"FIELD CROP TOTALS, ORGANIC ",OPERATIONS WITH AREA HARVESTED,ALL CLASSES,ORGANIC STATUS,OPERATIONS,FIELD CROP TOTALS,135
14,,STATE,2015,"HAY, (EXCL ALFALFA), ORGANIC ",ACRES HARVESTED,(EXCL ALFALFA),ORGANIC STATUS,ACRES,HAY,1621
15,,STATE,2015,"HAY, (EXCL ALFALFA), ORGANIC ",OPERATIONS WITH AREA HARVESTED,(EXCL ALFALFA),ORGANIC STATUS,OPERATIONS,HAY,14
16,,STATE,2015,"HAY, ALFALFA, ORGANIC ",ACRES HARVESTED,ALFALFA,ORGANIC STATUS,ACRES,HAY,48783
17,,STATE,2015,"HAY, ALFALFA, ORGANIC ",OPERATIONS WITH AREA HARVESTED,ALFALFA,ORGANIC STATUS,OPERATIONS,HAY,100
18,,STATE,2015,"HAY, ORGANIC ",ACRES HARVESTED,ALL CLASSES,ORGANIC STATUS,ACRES,HAY,50404
19,,STATE,2015,"HAY, ORGANIC ",OPERATIONS WITH AREA HARVESTED,ALL CLASSES,ORGANIC STATUS,OPERATIONS,HAY,105
20,,STATE,2015,"HAYLAGE, (EXCL ALFALFA), ORGANIC ",OPERATIONS WITH AREA HARVESTED,(EXCL ALFALFA),ORGANIC STATUS,OPERATIONS,HAYLAGE,1
21,,STATE,2015,"HAYLAGE, ALFALFA, ORGANIC ",OPERATIONS WITH AREA HARVESTED,ALFALFA,ORGANIC STATUS,OPERATIONS,HAYLAGE,5
22,,STATE,2015,"HAYLAGE, ORGANIC ",ACRES HARVESTED,ALL CLASSES,ORGANIC STATUS,ACRES,HAYLAGE,602
23,,STATE,2015,"HAYLAGE, ORGANIC ",OPERATIONS WITH AREA HARVESTED,ALL CLASSES,ORGANIC STATUS,OPERATIONS,HAYLAGE,6
24,,STATE,2015,"HOPS, ORGANIC ",OPERATIONS WITH AREA HARVESTED,ALL CLASSES,ORGANIC STATUS,OPERATIONS,HOPS,1
25,,STATE,2015,"OATS, ORGANIC ",ACRES HARVESTED,ALL CLASSES,ORGANIC STATUS,ACRES,OATS,58
26,,STATE,2015,"OATS, ORGANIC ",OPERATIONS WITH AREA HARVESTED,ALL CLASSES,ORGANIC STATUS,OPERATIONS,OATS,3
27,,STATE,2015,"PEAS, AUSTRIAN WINTER, ORGANIC ",OPERATIONS WITH AREA HARVESTED,AUSTRIAN WINTER,ORGANIC STATUS,OPERATIONS,PEAS,1
28,,STATE,2015,"PEAS, DRY EDIBLE, ORGANIC ",ACRES HARVESTED,DRY EDIBLE,ORGANIC STATUS,ACRES,PEAS,170
29,,STATE,2015,"PEAS, DRY EDIBLE, ORGANIC ",OPERATIONS WITH AREA HARVESTED,DRY EDIBLE,ORGANIC STATUS,OPERATIONS,PEAS,4
30,,STATE,2015,"SORGHUM, GRAIN, ORGANIC ",OPERATIONS WITH AREA HARVESTED,ALL CLASSES,ORGANIC STATUS,OPERATIONS,SORGHUM,1
31,,STATE,2015,"WHEAT, ORGANIC ",ACRES HARVESTED,ALL CLASSES,ORGANIC STATUS,ACRES,WHEAT,10231
32,,STATE,2015,"WHEAT, ORGANIC ",OPERATIONS WITH AREA HARVESTED,ALL CLASSES,ORGANIC STATUS,OPERATIONS,WHEAT,31
33,,STATE,2015,"WHEAT, SPRING, (EXCL DURUM), ORGANIC ",OPERATIONS WITH AREA HARVESTED,"SPRING, (EXCL DURUM)",ORGANIC STATUS,OPERATIONS,WHEAT,16
34,,STATE,2015,"WHEAT, SPRING, DURUM, ORGANIC ",OPERATIONS WITH AREA HARVESTED,"SPRING, DURUM",ORGANIC STATUS,OPERATIONS,WHEAT,1
35,,STATE,2015,"WHEAT, WINTER, ORGANIC ",ACRES HARVESTED,WINTER,ORGANIC STATUS,ACRES,WHEAT,5117
36,,STATE,2015,"WHEAT, WINTER, ORGANIC ",OPERATIONS WITH AREA HARVESTED,WINTER,ORGANIC STATUS,OPERATIONS,WHEAT,15
37,,STATE,2015,"APPLES, ORGANIC ",ACRES HARVESTED,ALL CLASSES,ORGANIC STATUS,ACRES,APPLES,11
38,,STATE,2015,"APPLES, ORGANIC ",OPERATIONS WITH AREA HARVESTED,ALL CLASSES,ORGANIC STATUS,OPERATIONS,APPLES,8
39,,STATE,2015,"APPLES, GOLDEN DELICIOUS, ORGANIC ",OPERATIONS WITH AREA HARVESTED,GOLDEN DELICIOUS,ORGANIC STATUS,OPERATIONS,APPLES,2
40,,STATE,2015,"APPLES, OTHER VARIETIES, ORGANIC ",OPERATIONS WITH AREA HARVESTED,OTHER VARIETIES,ORGANIC STATUS,OPERATIONS,APPLES,4
41,,STATE,2015,"APPLES, RED DELICIOUS, ORGANIC ",ACRES HARVESTED,RED DELICIOUS,ORGANIC STATUS,ACRES,APPLES,2
42,,STATE,2015,"APPLES, RED DELICIOUS, ORGANIC ",OPERATIONS WITH AREA HARVESTED,RED DELICIOUS,ORGANIC STATUS,OPERATIONS,APPLES,4
43,,STATE,2015,"BERRY TOTALS, ORGANIC ",ACRES HARVESTED,ALL CLASSES,ORGANIC STATUS,ACRES,BERRY TOTALS,6
44,,STATE,2015,"BERRY TOTALS, ORGANIC ",OPERATIONS WITH AREA HARVESTED,ALL CLASSES,ORGANIC STATUS,OPERATIONS,BERRY TOTALS,5
45,,STATE,2015,"CHERRIES, SWEET, ORGANIC ",OPERATIONS WITH AREA HARVESTED,SWEET,ORGANIC STATUS,OPERATIONS,CHERRIES,1
46,,STATE,2015,"FRUIT & TREE NUT TOTALS, (EXCL APPLES & GRAPES), ORGANIC ",ACRES HARVESTED,(EXCL APPLES & GRAPES),ORGANIC STATUS,ACRES,FRUIT & TREE NUT TOTALS,8
47,,STATE,2015,"FRUIT & TREE NUT TOTALS, (EXCL APPLES & GRAPES), ORGANIC ",OPERATIONS WITH AREA HARVESTED,(EXCL APPLES & GRAPES),ORGANIC STATUS,OPERATIONS,FRUIT & TREE NUT TOTALS,8
48,,STATE,2015,"FRUIT TOTALS, (EXCL APPLES & GRAPES & BERRIES), ORGANIC ",ACRES HARVESTED,(EXCL APPLES & GRAPES & BERRIES),ORGANIC STATUS,ACRES,FRUIT TOTALS,2
49,,STATE,2015,"FRUIT TOTALS, (EXCL APPLES & GRAPES & BERRIES), ORGANIC ",OPERATIONS WITH AREA HARVESTED,(EXCL APPLES & GRAPES & BERRIES),ORGANIC STATUS,OPERATIONS,FRUIT TOTALS,4
50,,STATE,2015,"PEARS, ORGANIC ",OPERATIONS WITH AREA HARVESTED,ALL CLASSES,ORGANIC STATUS,OPERATIONS,PEARS,3
51,,STATE,2015,"PLUMS & PRUNES, ORGANIC ",OPERATIONS WITH AREA HARVESTED,ALL CLASSES,ORGANIC STATUS,OPERATIONS,PLUMS & PRUNES,3
52,,STATE,2015,"RASPBERRIES, ORGANIC ",OPERATIONS WITH AREA HARVESTED,ALL CLASSES,ORGANIC STATUS,OPERATIONS,RASPBERRIES,4
53,,STATE,2015,"STRAWBERRIES, ORGANIC ",OPERATIONS WITH AREA HARVESTED,ALL CLASSES,ORGANIC STATUS,OPERATIONS,STRAWBERRIES,1
54,,STATE,2015,"BEANS, SNAP, ORGANIC, UNDER PROTECTION ",OPERATIONS WITH AREA HARVESTED,SNAP,ORGANIC STATUS,OPERATIONS,BEANS,3
55,,STATE,2015,"BEANS, SNAP, ORGANIC, UNDER PROTECTION ",SQ FT HARVESTED,SNAP,ORGANIC STATUS,SQ FT,BEANS,820
56,,STATE,2015,"CARROTS, ORGANIC, UNDER PROTECTION ",OPERATIONS WITH AREA HARVESTED,ALL CLASSES,ORGANIC STATUS,OPERATIONS,CARROTS,1
57,,STATE,2015,"HERBS, FRESH CUT, ORGANIC, UNDER PROTECTION ",OPERATIONS WITH AREA HARVESTED,FRESH CUT,ORGANIC STATUS,OPERATIONS,HERBS,5
58,,STATE,2015,"LETTUCE, ORGANIC, UNDER PROTECTION ",OPERATIONS WITH AREA HARVESTED,ALL CLASSES,ORGANIC STATUS,OPERATIONS,LETTUCE,2
59,,STATE,2015,"PEAS, GREEN, ORGANIC, UNDER PROTECTION ",OPERATIONS WITH AREA HARVESTED,GREEN,ORGANIC STATUS,OPERATIONS,PEAS,1
60,,STATE,2015,"PEPPERS, BELL, ORGANIC, UNDER PROTECTION ",OPERATIONS WITH AREA HARVESTED,BELL,ORGANIC STATUS,OPERATIONS,PEPPERS,3
61,,STATE,2015,"PEPPERS, BELL, ORGANIC, UNDER PROTECTION ",SQ FT HARVESTED,BELL,ORGANIC STATUS,SQ FT,PEPPERS,1214
62,,STATE,2015,"SPINACH, ORGANIC, UNDER PROTECTION ",OPERATIONS WITH AREA HARVESTED,ALL CLASSES,ORGANIC STATUS,OPERATIONS,SPINACH,2
63,,STATE,2015,"SQUASH, ORGANIC, UNDER PROTECTION ",OPERATIONS WITH AREA HARVESTED,ALL CLASSES,ORGANIC STATUS,OPERATIONS,SQUASH,2
64,,STATE,2015,"TOMATOES, ORGANIC, UNDER PROTECTION ",OPERATIONS WITH AREA HARVESTED,ALL CLASSES,ORGANIC STATUS,OPERATIONS,TOMATOES,14
65,,STATE,2015,"VEGETABLE TOTALS, INCL FRESH CUT HERBS, ORGANIC, UNDER PROTECTION ",OPERATIONS WITH AREA HARVESTED,INCL FRESH CUT HERBS,ORGANIC STATUS,OPERATIONS,VEGETABLE TOTALS,16
66,,STATE,2015,"VEGETABLE TOTALS, INCL FRESH CUT HERBS, ORGANIC, UNDER PROTECTION ",SQ FT HARVESTED,INCL FRESH CUT HERBS,ORGANIC STATUS,SQ FT,VEGETABLE TOTALS,74768
67,,STATE,2015,"VEGETABLES, OTHER, ORGANIC, UNDER PROTECTION ",OPERATIONS WITH AREA HARVESTED,ALL CLASSES,ORGANIC STATUS,OPERATIONS,"VEGETABLES, OTHER",4
68,,STATE,2015,"VEGETABLES, OTHER, ORGANIC, UNDER PROTECTION ",SQ FT HARVESTED,ALL CLASSES,ORGANIC STATUS,SQ FT,"VEGETABLES, OTHER",1012
69,,STATE,2015,"BEANS, SNAP, ORGANIC ",ACRES HARVESTED,SNAP,ORGANIC STATUS,ACRES,BEANS,5
70,,STATE,2015,"BEANS, SNAP, ORGANIC ",OPERATIONS WITH AREA HARVESTED,SNAP,ORGANIC STATUS,OPERATIONS,BEANS,9
71,,STATE,2015,"BEANS, SNAP, ORGANIC, FRESH MARKET ",ACRES HARVESTED,SNAP,ORGANIC STATUS,ACRES,BEANS,5
72,,STATE,2015,"BEANS, SNAP, ORGANIC, FRESH MARKET ",OPERATIONS WITH AREA HARVESTED,SNAP,ORGANIC STATUS,OPERATIONS,BEANS,9
73,,STATE,2015,"BROCCOLI, ORGANIC ",ACRES HARVESTED,ALL CLASSES,ORGANIC STATUS,ACRES,BROCCOLI,2
74,,STATE,2015,"BROCCOLI, ORGANIC ",OPERATIONS WITH AREA HARVESTED,ALL CLASSES,ORGANIC STATUS,OPERATIONS,BROCCOLI,9
75,,STATE,2015,"CABBAGE, ORGANIC ",ACRES HARVESTED,ALL CLASSES,ORGANIC STATUS,ACRES,CABBAGE,2
76,,STATE,2015,"CABBAGE, ORGANIC ",OPERATIONS WITH AREA HARVESTED,ALL CLASSES,ORGANIC STATUS,OPERATIONS,CABBAGE,6
77,,STATE,2015,"CABBAGE, HEAD, (EXCL GREEN & RED), ORGANIC ",OPERATIONS WITH AREA HARVESTED,"HEAD, (EXCL GREEN & RED)",ORGANIC STATUS,OPERATIONS,CABBAGE,4
78,,STATE,2015,"CABBAGE, HEAD, GREEN, ORGANIC ",ACRES HARVESTED,"HEAD, GREEN",ORGANIC STATUS,ACRES,CABBAGE,1
79,,STATE,2015,"CABBAGE, HEAD, GREEN, ORGANIC ",OPERATIONS WITH AREA HARVESTED,"HEAD, GREEN",ORGANIC STATUS,OPERATIONS,CABBAGE,6
80,,STATE,2015,"CABBAGE, HEAD, RED, ORGANIC ",OPERATIONS WITH AREA HARVESTED,"HEAD, RED",ORGANIC STATUS,OPERATIONS,CABBAGE,4
81,,STATE,2015,"CARROTS, ORGANIC ",ACRES HARVESTED,ALL CLASSES,ORGANIC STATUS,ACRES,CARROTS,10
82,,STATE,2015,"CARROTS, ORGANIC ",OPERATIONS WITH AREA HARVESTED,ALL CLASSES,ORGANIC STATUS,OPERATIONS,CARROTS,9
83,,STATE,2015,"CAULIFLOWER, ORGANIC ",OPERATIONS WITH AREA HARVESTED,ALL CLASSES,ORGANIC STATUS,OPERATIONS,CAULIFLOWER,4
84,,STATE,2015,"CELERY, ORGANIC ",ACRES HARVESTED,ALL CLASSES,ORGANIC STATUS,ACRES,CELERY,1
85,,STATE,2015,"CELERY, ORGANIC ",OPERATIONS WITH AREA HARVESTED,ALL CLASSES,ORGANIC STATUS,OPERATIONS,CELERY,4
86,,STATE,2015,"GARLIC, ORGANIC ",ACRES HARVESTED,ALL CLASSES,ORGANIC STATUS,ACRES,GARLIC,6
87,,STATE,2015,"GARLIC, ORGANIC ",OPERATIONS WITH AREA HARVESTED,ALL CLASSES,ORGANIC STATUS,OPERATIONS,GARLIC,14
88,,STATE,2015,"HERBS, FRESH CUT, ORGANIC ",OPERATIONS WITH AREA HARVESTED,FRESH CUT,ORGANIC STATUS,OPERATIONS,HERBS,4
89,,STATE,2015,"LETTUCE, ORGANIC ",ACRES HARVESTED,ALL CLASSES,ORGANIC STATUS,ACRES,LETTUCE,3
90,,STATE,2015,"LETTUCE, ORGANIC ",OPERATIONS WITH AREA HARVESTED,ALL CLASSES,ORGANIC STATUS,OPERATIONS,LETTUCE,9
91,,STATE,2015,"MELONS, CANTALOUP, ORGANIC ",OPERATIONS WITH AREA HARVESTED,CANTALOUP,ORGANIC STATUS,OPERATIONS,MELONS,2
92,,STATE,2015,"MELONS, HONEYDEW, ORGANIC ",OPERATIONS WITH AREA HARVESTED,HONEYDEW,ORGANIC STATUS,OPERATIONS,MELONS,2
93,,STATE,2015,"MELONS, WATERMELON, ORGANIC ",ACRES HARVESTED,WATERMELON,ORGANIC STATUS,ACRES,MELONS,3
94,,STATE,2015,"MELONS, WATERMELON, ORGANIC ",OPERATIONS WITH AREA HARVESTED,WATERMELON,ORGANIC STATUS,OPERATIONS,MELONS,7
95,,STATE,2015,"ONIONS, DRY, ORGANIC, FRESH MARKET ",ACRES HARVESTED,DRY,ORGANIC STATUS,ACRES,ONIONS,10
96,,STATE,2015,"ONIONS, DRY, ORGANIC, FRESH MARKET ",OPERATIONS WITH AREA HARVESTED,DRY,ORGANIC STATUS,OPERATIONS,ONIONS,10
97,,STATE,2015,"ONIONS, DRY, RED, ORGANIC, FRESH MARKET ",ACRES HARVESTED,"DRY, RED",ORGANIC STATUS,ACRES,ONIONS,1
98,,STATE,2015,"ONIONS, DRY, RED, ORGANIC, FRESH MARKET ",OPERATIONS WITH AREA HARVESTED,"DRY, RED",ORGANIC STATUS,OPERATIONS,ONIONS,6
99,,STATE,2015,"ONIONS, DRY, YELLOW, ORGANIC, FRESH MARKET ",ACRES HARVESTED,"DRY, YELLOW",ORGANIC STATUS,ACRES,ONIONS,10
100,,STATE,2015,"ONIONS, DRY, YELLOW, ORGANIC, FRESH MARKET ",OPERATIONS WITH AREA HARVESTED,"DRY, YELLOW",ORGANIC STATUS,OPERATIONS,ONIONS,10
101,,STATE,2015,"ONIONS, GREEN, ORGANIC ",OPERATIONS WITH AREA HARVESTED,GREEN,ORGANIC STATUS,OPERATIONS,ONIONS,7
102,,STATE,2015,"PEAS, GREEN, ORGANIC ",ACRES HARVESTED,GREEN,ORGANIC STATUS,ACRES,PEAS,3
103,,STATE,2015,"PEAS, GREEN, ORGANIC ",OPERATIONS WITH AREA HARVESTED,GREEN,ORGANIC STATUS,OPERATIONS,PEAS,7
104,,STATE,2015,"PEPPERS, BELL, ORGANIC ",ACRES HARVESTED,BELL,ORGANIC STATUS,ACRES,PEPPERS,3
105,,STATE,2015,"PEPPERS, BELL, ORGANIC ",OPERATIONS WITH AREA HARVESTED,BELL,ORGANIC STATUS,OPERATIONS,PEPPERS,11
106,,STATE,2015,"POTATOES, ORGANIC ",ACRES HARVESTED,ALL CLASSES,ORGANIC STATUS,ACRES,POTATOES,591
107,,STATE,2015,"POTATOES, ORGANIC ",OPERATIONS WITH AREA HARVESTED,ALL CLASSES,ORGANIC STATUS,OPERATIONS,POTATOES,19
108,,STATE,2015,"SPINACH, ORGANIC ",ACRES HARVESTED,ALL CLASSES,ORGANIC STATUS,ACRES,SPINACH,2
109,,STATE,2015,"SPINACH, ORGANIC ",OPERATIONS WITH AREA HARVESTED,ALL CLASSES,ORGANIC STATUS,OPERATIONS,SPINACH,7
110,,STATE,2015,"SQUASH, ORGANIC ",ACRES HARVESTED,ALL CLASSES,ORGANIC STATUS,ACRES,SQUASH,10
111,,STATE,2015,"SQUASH, ORGANIC ",OPERATIONS WITH AREA HARVESTED,ALL CLASSES,ORGANIC STATUS,OPERATIONS,SQUASH,10
112,,STATE,2015,"SWEET CORN, ORGANIC ",OPERATIONS WITH AREA HARVESTED,ALL CLASSES,ORGANIC STATUS,OPERATIONS,SWEET CORN,7
113,,STATE,2015,"TOMATOES, ORGANIC, IN THE OPEN ",ACRES HARVESTED,ALL CLASSES,ORGANIC STATUS,ACRES,TOMATOES,3
114,,STATE,2015,"TOMATOES, ORGANIC, IN THE OPEN ",OPERATIONS WITH AREA HARVESTED,ALL CLASSES,ORGANIC STATUS,OPERATIONS,TOMATOES,12
115,,STATE,2015,"TOMATOES, ORGANIC, IN THE OPEN, FRESH MARKET ",OPERATIONS WITH AREA HARVESTED,ALL CLASSES,ORGANIC STATUS,OPERATIONS,TOMATOES,12
116,,STATE,2015,"TOMATOES, ORGANIC, IN THE OPEN, PROCESSING ",OPERATIONS WITH AREA HARVESTED,ALL CLASSES,ORGANIC STATUS,OPERATIONS,TOMATOES,1
117,,STATE,2015,"VEGETABLE TOTALS, ORGANIC, IN THE OPEN ",ACRES HARVESTED,ALL CLASSES,ORGANIC STATUS,ACRES,VEGETABLE TOTALS,911
118,,STATE,2015,"VEGETABLE TOTALS, ORGANIC, IN THE OPEN ",OPERATIONS WITH AREA HARVESTED,ALL CLASSES,ORGANIC STATUS,OPERATIONS,VEGETABLE TOTALS,39
119,,STATE,2015,"VEGETABLES, OTHER, ORGANIC ",ACRES HARVESTED,ALL CLASSES,ORGANIC STATUS,ACRES,"VEGETABLES, OTHER",58
120,,STATE,2015,"VEGETABLES, OTHER, ORGANIC ",OPERATIONS WITH AREA HARVESTED,ALL CLASSES,ORGANIC STATUS,OPERATIONS,"VEGETABLES, OTHER",20
124,EAST,AGRICULTURAL DISTRICT,2015,BARLEY ,ACRES HARVESTED,ALL CLASSES,TOTAL,ACRES,BARLEY,378000
130,EAST,AGRICULTURAL DISTRICT,2015,BARLEY ,"YIELD, MEASURED IN BU / ACRE",ALL CLASSES,TOTAL,BU / ACRE,BARLEY,93
186,EAST,AGRICULTURAL DISTRICT,2015,"HAY, ALFALFA ",ACRES HARVESTED,ALFALFA,TOTAL,ACRES,HAY,447000
192,EAST,AGRICULTURAL DISTRICT,2015,"HAY, ALFALFA ","YIELD, MEASURED IN TONS / ACRE",ALFALFA,TOTAL,TONS / ACRE,HAY,3.85
259,EAST,AGRICULTURAL DISTRICT,2015,SUGARBEETS ,ACRES HARVESTED,ALL CLASSES,TOTAL,ACRES,SUGARBEETS,39000
264,EAST,AGRICULTURAL DISTRICT,2015,SUGARBEETS ,"YIELD, MEASURED IN TONS / ACRE",ALL CLASSES,TOTAL,TONS / ACRE,SUGARBEETS,38.7
272,EAST,AGRICULTURAL DISTRICT,2015,"WHEAT, SPRING, (EXCL DURUM) ",ACRES HARVESTED,"SPRING, (EXCL DURUM)",TOTAL,ACRES,WHEAT,251000
278,EAST,AGRICULTURAL DISTRICT,2015,"WHEAT, SPRING, (EXCL DURUM) ","YIELD, MEASURED IN BU / ACRE","SPRING, (EXCL DURUM)",TOTAL,BU / ACRE,WHEAT,78.6
281,EAST,AGRICULTURAL DISTRICT,2015,"WHEAT, SPRING, (EXCL DURUM), IRRIGATED ",ACRES HARVESTED,"SPRING, (EXCL DURUM)",TOTAL,ACRES,WHEAT,163500
284,EAST,AGRICULTURAL DISTRICT,2015,"WHEAT, SPRING, (EXCL DURUM), IRRIGATED ","YIELD, MEASURED IN BU / ACRE","SPRING, (EXCL DURUM)",TOTAL,BU / ACRE,WHEAT,98.9
287,EAST,AGRICULTURAL DISTRICT,2015,"WHEAT, SPRING, (EXCL DURUM), NON-IRRIGATED ",ACRES HARVESTED,"SPRING, (EXCL DURUM)",TOTAL,ACRES,WHEAT,87500
290,EAST,AGRICULTURAL DISTRICT,2015,"WHEAT, SPRING, (EXCL DURUM), NON-IRRIGATED ","YIELD, MEASURED IN BU / ACRE","SPRING, (EXCL DURUM)",TOTAL,BU / ACRE,WHEAT,40.8
298,EAST,AGRICULTURAL DISTRICT,2015,"WHEAT, WINTER ",ACRES HARVESTED,WINTER,TOTAL,ACRES,WHEAT,251600
304,EAST,AGRICULTURAL DISTRICT,2015,"WHEAT, WINTER ","YIELD, MEASURED IN BU / ACRE",WINTER,TOTAL,BU / ACRE,WHEAT,85.3
307,EAST,AGRICULTURAL DISTRICT,2015,"WHEAT, WINTER, IRRIGATED ",ACRES HARVESTED,WINTER,TOTAL,ACRES,WHEAT,143100
310,EAST,AGRICULTURAL DISTRICT,2015,"WHEAT, WINTER, IRRIGATED ","YIELD, MEASURED IN BU / ACRE",WINTER,TOTAL,BU / ACRE,WHEAT,112.8
313,EAST,AGRICULTURAL DISTRICT,2015,"WHEAT, WINTER, NON-IRRIGATED ",ACRES HARVESTED,WINTER,TOTAL,ACRES,WHEAT,108500
316,EAST,AGRICULTURAL DISTRICT,2015,"WHEAT, WINTER, NON-IRRIGATED ","YIELD, MEASURED IN BU / ACRE",WINTER,TOTAL,BU / ACRE,WHEAT,48.9
335,EAST,AGRICULTURAL DISTRICT,2015,POTATOES ,ACRES HARVESTED,ALL CLASSES,TOTAL,ACRES,POTATOES,220000
339,EAST,AGRICULTURAL DISTRICT,2015,POTATOES ,"YIELD, MEASURED IN CWT / ACRE",ALL CLASSES,TOTAL,CWT / ACRE,POTATOES,386
121,NORTH,AGRICULTURAL DISTRICT,2015,BARLEY ,ACRES HARVESTED,ALL CLASSES,TOTAL,ACRES,BARLEY,43000
127,NORTH,AGRICULTURAL DISTRICT,2015,BARLEY ,"YIELD, MEASURED IN BU / ACRE",ALL CLASSES,TOTAL,BU / ACRE,BARLEY,54.4
143,NORTH,AGRICULTURAL DISTRICT,2015,"BEANS, DRY EDIBLE, INCL CHICKPEAS ",ACRES HARVESTED,"DRY EDIBLE, INCL CHICKPEAS",TOTAL,ACRES,BEANS,70700
146,NORTH,AGRICULTURAL DISTRICT,2015,"BEANS, DRY EDIBLE, INCL CHICKPEAS ","YIELD, MEASURED IN LB / ACRE","DRY EDIBLE, INCL CHICKPEAS",TOTAL,LB / ACRE,BEANS,1300
183,NORTH,AGRICULTURAL DISTRICT,2015,"HAY, ALFALFA ",ACRES HARVESTED,ALFALFA,TOTAL,ACRES,HAY,50000
189,NORTH,AGRICULTURAL DISTRICT,2015,"HAY, ALFALFA ","YIELD, MEASURED IN TONS / ACRE",ALFALFA,TOTAL,TONS / ACRE,HAY,2.1
269,NORTH,AGRICULTURAL DISTRICT,2015,"WHEAT, SPRING, (EXCL DURUM) ",ACRES HARVESTED,"SPRING, (EXCL DURUM)",TOTAL,ACRES,WHEAT,124900
275,NORTH,AGRICULTURAL DISTRICT,2015,"WHEAT, SPRING, (EXCL DURUM) ","YIELD, MEASURED IN BU / ACRE","SPRING, (EXCL DURUM)",TOTAL,BU / ACRE,WHEAT,43.7
280,NORTH,AGRICULTURAL DISTRICT,2015,"WHEAT, SPRING, (EXCL DURUM), IRRIGATED ",ACRES HARVESTED,"SPRING, (EXCL DURUM)",TOTAL,ACRES,WHEAT,4400
283,NORTH,AGRICULTURAL DISTRICT,2015,"WHEAT, SPRING, (EXCL DURUM), IRRIGATED ","YIELD, MEASURED IN BU / ACRE","SPRING, (EXCL DURUM)",TOTAL,BU / ACRE,WHEAT,50.2
286,NORTH,AGRICULTURAL DISTRICT,2015,"WHEAT, SPRING, (EXCL DURUM), NON-IRRIGATED ",ACRES HARVESTED,"SPRING, (EXCL DURUM)",TOTAL,ACRES,WHEAT,120500
289,NORTH,AGRICULTURAL DISTRICT,2015,"WHEAT, SPRING, (EXCL DURUM), NON-IRRIGATED ","YIELD, MEASURED IN BU / ACRE","SPRING, (EXCL DURUM)",TOTAL,BU / ACRE,WHEAT,43.5
295,NORTH,AGRICULTURAL DISTRICT,2015,"WHEAT, WINTER ",ACRES HARVESTED,WINTER,TOTAL,ACRES,WHEAT,315000
301,NORTH,AGRICULTURAL DISTRICT,2015,"WHEAT, WINTER ","YIELD, MEASURED IN BU / ACRE",WINTER,TOTAL,BU / ACRE,WHEAT,67.4
123,SOUTH CENTRAL,AGRICULTURAL DISTRICT,2015,BARLEY ,ACRES HARVESTED,ALL CLASSES,TOTAL,ACRES,BARLEY,154000
129,SOUTH CENTRAL,AGRICULTURAL DISTRICT,2015,BARLEY ,"YIELD, MEASURED IN BU / ACRE",ALL CLASSES,TOTAL,BU / ACRE,BARLEY,118.9
144,SOUTH CENTRAL,AGRICULTURAL DISTRICT,2015,"BEANS, DRY EDIBLE, INCL CHICKPEAS ",ACRES HARVESTED,"DRY EDIBLE, INCL CHICKPEAS",TOTAL,ACRES,BEANS,32900
147,SOUTH CENTRAL,AGRICULTURAL DISTRICT,2015,"BEANS, DRY EDIBLE, INCL CHICKPEAS ","YIELD, MEASURED IN LB / ACRE","DRY EDIBLE, INCL CHICKPEAS",TOTAL,LB / ACRE,BEANS,2490
185,SOUTH CENTRAL,AGRICULTURAL DISTRICT,2015,"HAY, ALFALFA ",ACRES HARVESTED,ALFALFA,TOTAL,ACRES,HAY,318000
191,SOUTH CENTRAL,AGRICULTURAL DISTRICT,2015,"HAY, ALFALFA ","YIELD, MEASURED IN TONS / ACRE",ALFALFA,TOTAL,TONS / ACRE,HAY,4.65
258,SOUTH CENTRAL,AGRICULTURAL DISTRICT,2015,SUGARBEETS ,ACRES HARVESTED,ALL CLASSES,TOTAL,ACRES,SUGARBEETS,106000
263,SOUTH CENTRAL,AGRICULTURAL DISTRICT,2015,SUGARBEETS ,"YIELD, MEASURED IN TONS / ACRE",ALL CLASSES,TOTAL,TONS / ACRE,SUGARBEETS,37.4
271,SOUTH CENTRAL,AGRICULTURAL DISTRICT,2015,"WHEAT, SPRING, (EXCL DURUM) ",ACRES HARVESTED,"SPRING, (EXCL DURUM)",TOTAL,ACRES,WHEAT,42800
277,SOUTH CENTRAL,AGRICULTURAL DISTRICT,2015,"WHEAT, SPRING, (EXCL DURUM) ","YIELD, MEASURED IN BU / ACRE","SPRING, (EXCL DURUM)",TOTAL,BU / ACRE,WHEAT,93.7
297,SOUTH CENTRAL,AGRICULTURAL DISTRICT,2015,"WHEAT, WINTER ",ACRES HARVESTED,WINTER,TOTAL,ACRES,WHEAT,95200
303,SOUTH CENTRAL,AGRICULTURAL DISTRICT,2015,"WHEAT, WINTER ","YIELD, MEASURED IN BU / ACRE",WINTER,TOTAL,BU / ACRE,WHEAT,109.3
306,SOUTH CENTRAL,AGRICULTURAL DISTRICT,2015,"WHEAT, WINTER, IRRIGATED ",ACRES HARVESTED,WINTER,TOTAL,ACRES,WHEAT,80700
309,SOUTH CENTRAL,AGRICULTURAL DISTRICT,2015,"WHEAT, WINTER, IRRIGATED ","YIELD, MEASURED IN BU / ACRE",WINTER,TOTAL,BU / ACRE,WHEAT,122.4
312,SOUTH CENTRAL,AGRICULTURAL DISTRICT,2015,"WHEAT, WINTER, NON-IRRIGATED ",ACRES HARVESTED,WINTER,TOTAL,ACRES,WHEAT,14500
315,SOUTH CENTRAL,AGRICULTURAL DISTRICT,2015,"WHEAT, WINTER, NON-IRRIGATED ","YIELD, MEASURED IN BU / ACRE",WINTER,TOTAL,BU / ACRE,WHEAT,36.8
122,SOUTHWEST,AGRICULTURAL DISTRICT,2015,BARLEY ,ACRES HARVESTED,ALL CLASSES,TOTAL,ACRES,BARLEY,5000
128,SOUTHWEST,AGRICULTURAL DISTRICT,2015,BARLEY ,"YIELD, MEASURED IN BU / ACRE",ALL CLASSES,TOTAL,BU / ACRE,BARLEY,91.2
184,SOUTHWEST,AGRICULTURAL DISTRICT,2015,"HAY, ALFALFA ",ACRES HARVESTED,ALFALFA,TOTAL,ACRES,HAY,185000
190,SOUTHWEST,AGRICULTURAL DISTRICT,2015,"HAY, ALFALFA ","YIELD, MEASURED IN TONS / ACRE",ALFALFA,TOTAL,TONS / ACRE,HAY,4.85
257,SOUTHWEST,AGRICULTURAL DISTRICT,2015,SUGARBEETS ,ACRES HARVESTED,ALL CLASSES,TOTAL,ACRES,SUGARBEETS,27000
262,SOUTHWEST,AGRICULTURAL DISTRICT,2015,SUGARBEETS ,"YIELD, MEASURED IN TONS / ACRE",ALL CLASSES,TOTAL,TONS / ACRE,SUGARBEETS,41.2
270,SOUTHWEST,AGRICULTURAL DISTRICT,2015,"WHEAT, SPRING, (EXCL DURUM) ",ACRES HARVESTED,"SPRING, (EXCL DURUM)",TOTAL,ACRES,WHEAT,16300
276,SOUTHWEST,AGRICULTURAL DISTRICT,2015,"WHEAT, SPRING, (EXCL DURUM) ","YIELD, MEASURED IN BU / ACRE","SPRING, (EXCL DURUM)",TOTAL,BU / ACRE,WHEAT,76.2
296,SOUTHWEST,AGRICULTURAL DISTRICT,2015,"WHEAT, WINTER ",ACRES HARVESTED,WINTER,TOTAL,ACRES,WHEAT,48200
302,SOUTHWEST,AGRICULTURAL DISTRICT,2015,"WHEAT, WINTER ","YIELD, MEASURED IN BU / ACRE",WINTER,TOTAL,BU / ACRE,WHEAT,106.1
334,SOUTHWEST,AGRICULTURAL DISTRICT,2015,POTATOES ,ACRES HARVESTED,ALL CLASSES,TOTAL,ACRES,POTATOES,16000
338,SOUTHWEST,AGRICULTURAL DISTRICT,2015,POTATOES ,"YIELD, MEASURED IN CWT / ACRE",ALL CLASSES,TOTAL,CWT / ACRE,POTATOES,500
125,,STATE,2015,BARLEY ,ACRES HARVESTED,ALL CLASSES,TOTAL,ACRES,BARLEY,580000
126,,STATE,2015,BARLEY ,"PRICE RECEIVED, MEASURED IN $ / BU",ALL CLASSES,TOTAL,$ / BU,BARLEY,5.86
131,,STATE,2015,BARLEY ,"YIELD, MEASURED IN BU / ACRE",ALL CLASSES,TOTAL,BU / ACRE,BARLEY,97
132,,STATE,2015,"BARLEY, FEED ","PRICE RECEIVED, MEASURED IN $ / BU",ALL CLASSES,TOTAL,$ / BU,BARLEY,3.04
133,,STATE,2015,"BARLEY, MALTING ","PRICE RECEIVED, MEASURED IN $ / BU",ALL CLASSES,TOTAL,$ / BU,BARLEY,6.14
134,,STATE,2015,"BEANS, DRY EDIBLE, (EXCL CHICKPEAS) ","PRICE RECEIVED, MEASURED IN $ / CWT","DRY EDIBLE, (EXCL CHICKPEAS)",TOTAL,$ / CWT,BEANS,32.1
135,,STATE,2015,"BEANS, DRY EDIBLE, BLACK ",ACRES HARVESTED,"DRY EDIBLE, BLACK",TOTAL,ACRES,BEANS,2800
136,,STATE,2015,"BEANS, DRY EDIBLE, BLACK ","YIELD, MEASURED IN LB / ACRE","DRY EDIBLE, BLACK",TOTAL,LB / ACRE,BEANS,2540
137,,STATE,2015,"BEANS, DRY EDIBLE, CRANBERRY ",ACRES HARVESTED,"DRY EDIBLE, CRANBERRY",TOTAL,ACRES,BEANS,NA
138,,STATE,2015,"BEANS, DRY EDIBLE, CRANBERRY ","YIELD, MEASURED IN LB / ACRE","DRY EDIBLE, CRANBERRY",TOTAL,LB / ACRE,BEANS,NA
139,,STATE,2015,"BEANS, DRY EDIBLE, DARK, RED, KIDNEY ",ACRES HARVESTED,"DRY EDIBLE, DARK, RED, KIDNEY",TOTAL,ACRES,BEANS,1500
140,,STATE,2015,"BEANS, DRY EDIBLE, DARK, RED, KIDNEY ","YIELD, MEASURED IN LB / ACRE","DRY EDIBLE, DARK, RED, KIDNEY",TOTAL,LB / ACRE,BEANS,2330
141,,STATE,2015,"BEANS, DRY EDIBLE, GREAT NORTHERN ",ACRES HARVESTED,"DRY EDIBLE, GREAT NORTHERN",TOTAL,ACRES,BEANS,2700
142,,STATE,2015,"BEANS, DRY EDIBLE, GREAT NORTHERN ","YIELD, MEASURED IN LB / ACRE","DRY EDIBLE, GREAT NORTHERN",TOTAL,LB / ACRE,BEANS,2700
145,,STATE,2015,"BEANS, DRY EDIBLE, INCL CHICKPEAS ",ACRES HARVESTED,"DRY EDIBLE, INCL CHICKPEAS",TOTAL,ACRES,BEANS,119000
148,,STATE,2015,"BEANS, DRY EDIBLE, INCL CHICKPEAS ","YIELD, MEASURED IN LB / ACRE","DRY EDIBLE, INCL CHICKPEAS",TOTAL,LB / ACRE,BEANS,1800
149,,STATE,2015,"BEANS, DRY EDIBLE, LIGHT, RED, KIDNEY ",ACRES HARVESTED,"DRY EDIBLE, LIGHT, RED, KIDNEY",TOTAL,ACRES,BEANS,2100
150,,STATE,2015,"BEANS, DRY EDIBLE, LIGHT, RED, KIDNEY ","YIELD, MEASURED IN LB / ACRE","DRY EDIBLE, LIGHT, RED, KIDNEY",TOTAL,LB / ACRE,BEANS,2100
151,,STATE,2015,"BEANS, DRY EDIBLE, LIMA, LARGE ",ACRES HARVESTED,"DRY EDIBLE, LIMA, LARGE",TOTAL,ACRES,BEANS,0
152,,STATE,2015,"BEANS, DRY EDIBLE, LIMA, LARGE ","YIELD, MEASURED IN LB / ACRE","DRY EDIBLE, LIMA, LARGE",TOTAL,LB / ACRE,BEANS,0
153,,STATE,2015,"BEANS, DRY EDIBLE, NAVY ",ACRES HARVESTED,"DRY EDIBLE, NAVY",TOTAL,ACRES,BEANS,NA
154,,STATE,2015,"BEANS, DRY EDIBLE, NAVY ","YIELD, MEASURED IN LB / ACRE","DRY EDIBLE, NAVY",TOTAL,LB / ACRE,BEANS,NA
155,,STATE,2015,"BEANS, DRY EDIBLE, OTHER ",ACRES HARVESTED,"DRY EDIBLE, OTHER",TOTAL,ACRES,BEANS,2900
156,,STATE,2015,"BEANS, DRY EDIBLE, OTHER ","YIELD, MEASURED IN LB / ACRE","DRY EDIBLE, OTHER",TOTAL,LB / ACRE,BEANS,2590
157,,STATE,2015,"BEANS, DRY EDIBLE, PINK ",ACRES HARVESTED,"DRY EDIBLE, PINK",TOTAL,ACRES,BEANS,5000
158,,STATE,2015,"BEANS, DRY EDIBLE, PINK ","YIELD, MEASURED IN LB / ACRE","DRY EDIBLE, PINK",TOTAL,LB / ACRE,BEANS,2440
159,,STATE,2015,"BEANS, DRY EDIBLE, PINTO ",ACRES HARVESTED,"DRY EDIBLE, PINTO",TOTAL,ACRES,BEANS,19000
160,,STATE,2015,"BEANS, DRY EDIBLE, PINTO ","YIELD, MEASURED IN LB / ACRE","DRY EDIBLE, PINTO",TOTAL,LB / ACRE,BEANS,2640
161,,STATE,2015,"BEANS, DRY EDIBLE, SMALL, RED ",ACRES HARVESTED,"DRY EDIBLE, SMALL, RED",TOTAL,ACRES,BEANS,12000
162,,STATE,2015,"BEANS, DRY EDIBLE, SMALL, RED ","YIELD, MEASURED IN LB / ACRE","DRY EDIBLE, SMALL, RED",TOTAL,LB / ACRE,BEANS,2330
163,,STATE,2015,"BEANS, DRY EDIBLE, SMALL, WHITE ",ACRES HARVESTED,"DRY EDIBLE, SMALL, WHITE",TOTAL,ACRES,BEANS,2000
164,,STATE,2015,"BEANS, DRY EDIBLE, SMALL, WHITE ","YIELD, MEASURED IN LB / ACRE","DRY EDIBLE, SMALL, WHITE",TOTAL,LB / ACRE,BEANS,2000
165,,STATE,2015,CANOLA ,ACRES HARVESTED,ALL CLASSES,TOTAL,ACRES,CANOLA,27000
166,,STATE,2015,CANOLA ,"PRICE RECEIVED, MEASURED IN $ / CWT",ALL CLASSES,TOTAL,$ / CWT,CANOLA,16
167,,STATE,2015,CANOLA ,"YIELD, MEASURED IN LB / ACRE",ALL CLASSES,TOTAL,LB / ACRE,CANOLA,1500
168,,STATE,2015,CHICKPEAS ,ACRES HARVESTED,ALL CLASSES,TOTAL,ACRES,CHICKPEAS,69000
169,,STATE,2015,CHICKPEAS ,"YIELD, MEASURED IN LB / ACRE",ALL CLASSES,TOTAL,LB / ACRE,CHICKPEAS,1300
170,,STATE,2015,"CHICKPEAS, LARGE ",ACRES HARVESTED,LARGE,TOTAL,ACRES,CHICKPEAS,37000
171,,STATE,2015,"CHICKPEAS, LARGE ","YIELD, MEASURED IN LB / ACRE",LARGE,TOTAL,LB / ACRE,CHICKPEAS,1220
172,,STATE,2015,"CHICKPEAS, SMALL ",ACRES HARVESTED,SMALL,TOTAL,ACRES,CHICKPEAS,32000
173,,STATE,2015,"CHICKPEAS, SMALL ","YIELD, MEASURED IN LB / ACRE",SMALL,TOTAL,LB / ACRE,CHICKPEAS,1400
174,,STATE,2015,"CORN, GRAIN ",ACRES HARVESTED,ALL CLASSES,TOTAL,ACRES,CORN,70000
175,,STATE,2015,"CORN, GRAIN ","PRICE RECEIVED, MEASURED IN $ / BU",ALL CLASSES,TOTAL,$ / BU,CORN,4.71
176,,STATE,2015,"CORN, GRAIN ","YIELD, MEASURED IN BU / ACRE",ALL CLASSES,TOTAL,BU / ACRE,CORN,207
177,,STATE,2015,"CORN, SILAGE ",ACRES HARVESTED,ALL CLASSES,TOTAL,ACRES,CORN,205000
178,,STATE,2015,"CORN, SILAGE ","YIELD, MEASURED IN TONS / ACRE",ALL CLASSES,TOTAL,TONS / ACRE,CORN,29
179,,STATE,2015,"FIELD CROP TOTALS, PRINCIPAL, INCL POTATOES ",ACRES HARVESTED,"PRINCIPAL, INCL POTATOES",TOTAL,ACRES,FIELD CROP TOTALS,NA
180,,STATE,2015,"HAY, (EXCL ALFALFA) ",ACRES HARVESTED,(EXCL ALFALFA),TOTAL,ACRES,HAY,330000
181,,STATE,2015,"HAY, (EXCL ALFALFA) ","PRICE RECEIVED, MEASURED IN $ / TON",(EXCL ALFALFA),TOTAL,$ / TON,HAY,153
182,,STATE,2015,"HAY, (EXCL ALFALFA) ","YIELD, MEASURED IN TONS / ACRE",(EXCL ALFALFA),TOTAL,TONS / ACRE,HAY,2
187,,STATE,2015,"HAY, ALFALFA ",ACRES HARVESTED,ALFALFA,TOTAL,ACRES,HAY,NA
188,,STATE,2015,"HAY, ALFALFA ","PRICE RECEIVED, MEASURED IN $ / TON",ALFALFA,TOTAL,$ / TON,HAY,170
193,,STATE,2015,"HAY, ALFALFA ","YIELD, MEASURED IN TONS / ACRE",ALFALFA,TOTAL,TONS / ACRE,HAY,4.2
194,,STATE,2015,HAY ,ACRES HARVESTED,ALL CLASSES,TOTAL,ACRES,HAY,NA
195,,STATE,2015,HAY ,"PRICE RECEIVED, MEASURED IN $ / TON",ALL CLASSES,TOTAL,$ / TON,HAY,169
196,,STATE,2015,HAY ,"YIELD, MEASURED IN TONS / ACRE",ALL CLASSES,TOTAL,TONS / ACRE,HAY,3.65
197,,STATE,2015,"HAY & HAYLAGE, (EXCL ALFALFA) ",ACRES HARVESTED,(EXCL ALFALFA),TOTAL,ACRES,HAY & HAYLAGE,370000
198,,STATE,2015,"HAY & HAYLAGE, (EXCL ALFALFA) ","YIELD, MEASURED IN TONS / ACRE, DRY BASIS",(EXCL ALFALFA),TOTAL,"TONS / ACRE, DRY BASIS",HAY & HAYLAGE,2.29
199,,STATE,2015,"HAY & HAYLAGE, ALFALFA ",ACRES HARVESTED,ALFALFA,TOTAL,ACRES,HAY & HAYLAGE,NA
200,,STATE,2015,"HAY & HAYLAGE, ALFALFA ","YIELD, MEASURED IN TONS / ACRE, DRY BASIS",ALFALFA,TOTAL,"TONS / ACRE, DRY BASIS",HAY & HAYLAGE,4.45
201,,STATE,2015,HAY & HAYLAGE ,ACRES HARVESTED,ALL CLASSES,TOTAL,ACRES,HAY & HAYLAGE,NA
202,,STATE,2015,HAY & HAYLAGE ,"YIELD, MEASURED IN TONS / ACRE, DRY BASIS",ALL CLASSES,TOTAL,"TONS / ACRE, DRY BASIS",HAY & HAYLAGE,3.88
203,,STATE,2015,"HAYLAGE, (EXCL ALFALFA) ",ACRES HARVESTED,(EXCL ALFALFA),TOTAL,ACRES,HAYLAGE,40000
204,,STATE,2015,"HAYLAGE, (EXCL ALFALFA) ","YIELD, MEASURED IN TONS / ACRE",(EXCL ALFALFA),TOTAL,TONS / ACRE,HAYLAGE,9.5
205,,STATE,2015,"HAYLAGE, ALFALFA ",ACRES HARVESTED,ALFALFA,TOTAL,ACRES,HAYLAGE,70000
206,,STATE,2015,"HAYLAGE, ALFALFA ","YIELD, MEASURED IN TONS / ACRE",ALFALFA,TOTAL,TONS / ACRE,HAYLAGE,11
207,,STATE,2015,HAYLAGE ,ACRES HARVESTED,ALL CLASSES,TOTAL,ACRES,HAYLAGE,110000
208,,STATE,2015,HAYLAGE ,"YIELD, MEASURED IN TONS / ACRE",ALL CLASSES,TOTAL,TONS / ACRE,HAYLAGE,10.45
209,,STATE,2015,HOPS ,ACRES HARVESTED,ALL CLASSES,TOTAL,ACRES,HOPS,4863
210,,STATE,2015,HOPS ,"PRICE RECEIVED, MEASURED IN $ / LB",ALL CLASSES,TOTAL,$ / LB,HOPS,3.53
211,,STATE,2015,HOPS ,"YIELD, MEASURED IN LB / ACRE",ALL CLASSES,TOTAL,LB / ACRE,HOPS,1794
212,,STATE,2015,"HOPS, APOLLO TM ",ACRES HARVESTED,APOLLO TM,TOTAL,ACRES,HOPS,286
213,,STATE,2015,"HOPS, APOLLO TM ","YIELD, MEASURED IN LB / ACRE",APOLLO TM,TOTAL,LB / ACRE,HOPS,2062
214,,STATE,2015,"HOPS, BRAVO TM ",ACRES HARVESTED,BRAVO TM,TOTAL,ACRES,HOPS,166
215,,STATE,2015,"HOPS, BRAVO TM ","YIELD, MEASURED IN LB / ACRE",BRAVO TM,TOTAL,LB / ACRE,HOPS,2625
216,,STATE,2015,"HOPS, CALYPSO TM ",ACRES HARVESTED,CALYPSO TM,TOTAL,ACRES,HOPS,81
217,,STATE,2015,"HOPS, CALYPSO TM ","YIELD, MEASURED IN LB / ACRE",CALYPSO TM,TOTAL,LB / ACRE,HOPS,1710
218,,STATE,2015,"HOPS, CASCADE ",ACRES HARVESTED,CASCADE,TOTAL,ACRES,HOPS,770
219,,STATE,2015,"HOPS, CASCADE ","YIELD, MEASURED IN LB / ACRE",CASCADE,TOTAL,LB / ACRE,HOPS,1633
220,,STATE,2015,"HOPS, CHINOOK ",ACRES HARVESTED,CHINOOK,TOTAL,ACRES,HOPS,358
221,,STATE,2015,"HOPS, CHINOOK ","YIELD, MEASURED IN LB / ACRE",CHINOOK,TOTAL,LB / ACRE,HOPS,1850
222,,STATE,2015,"HOPS, CITRA R, HBC 394 ",ACRES HARVESTED,"CITRA R, HBC 394",TOTAL,ACRES,HOPS,412
223,,STATE,2015,"HOPS, CITRA R, HBC 394 ","YIELD, MEASURED IN LB / ACRE","CITRA R, HBC 394",TOTAL,LB / ACRE,HOPS,1271
224,,STATE,2015,"HOPS, EL DORADO R ",ACRES HARVESTED,EL DORADO R,TOTAL,ACRES,HOPS,205
225,,STATE,2015,"HOPS, EL DORADO R ","YIELD, MEASURED IN LB / ACRE",EL DORADO R,TOTAL,LB / ACRE,HOPS,1125
226,,STATE,2015,"HOPS, EXPERIMENTAL ",ACRES HARVESTED,EXPERIMENTAL,TOTAL,ACRES,HOPS,72
227,,STATE,2015,"HOPS, EXPERIMENTAL ","YIELD, MEASURED IN LB / ACRE",EXPERIMENTAL,TOTAL,LB / ACRE,HOPS,1269
228,,STATE,2015,"HOPS, MOSAIC R, HBC 369 ",ACRES HARVESTED,"MOSAIC R, HBC 369",TOTAL,ACRES,HOPS,272
229,,STATE,2015,"HOPS, MOSAIC R, HBC 369 ","YIELD, MEASURED IN LB / ACRE","MOSAIC R, HBC 369",TOTAL,LB / ACRE,HOPS,2278
230,,STATE,2015,"HOPS, OTHER ",ACRES HARVESTED,OTHER VARIETIES,TOTAL,ACRES,HOPS,1289
231,,STATE,2015,"HOPS, OTHER ","YIELD, MEASURED IN LB / ACRE",OTHER VARIETIES,TOTAL,LB / ACRE,HOPS,1348
232,,STATE,2015,"HOPS, SIMCOE R, YCR 14 ",ACRES HARVESTED,"SIMCOE R, YCR 14",TOTAL,ACRES,HOPS,199
233,,STATE,2015,"HOPS, SIMCOE R, YCR 14 ","YIELD, MEASURED IN LB / ACRE","SIMCOE R, YCR 14",TOTAL,LB / ACRE,HOPS,1576
234,,STATE,2015,"HOPS, SUPER GALENA TM ",ACRES HARVESTED,SUPER GALENA TM,TOTAL,ACRES,HOPS,92
235,,STATE,2015,"HOPS, SUPER GALENA TM ","YIELD, MEASURED IN LB / ACRE",SUPER GALENA TM,TOTAL,LB / ACRE,HOPS,2189
236,,STATE,2015,"HOPS, ZEUS ",ACRES HARVESTED,ZEUS,TOTAL,ACRES,HOPS,661
237,,STATE,2015,"HOPS, ZEUS ","YIELD, MEASURED IN LB / ACRE",ZEUS,TOTAL,LB / ACRE,HOPS,2909
238,,STATE,2015,LENTILS ,ACRES HARVESTED,ALL CLASSES,TOTAL,ACRES,LENTILS,32000
239,,STATE,2015,LENTILS ,"PRICE RECEIVED, MEASURED IN $ / CWT",ALL CLASSES,TOTAL,$ / CWT,LENTILS,37.7
240,,STATE,2015,LENTILS ,"YIELD, MEASURED IN LB / ACRE",ALL CLASSES,TOTAL,LB / ACRE,LENTILS,800
241,,STATE,2015,"MINT, PEPPERMINT, OIL ",ACRES HARVESTED,PEPPERMINT,TOTAL,ACRES,MINT,17200
242,,STATE,2015,"MINT, PEPPERMINT, OIL ","PRICE RECEIVED, MEASURED IN $ / LB",PEPPERMINT,TOTAL,$ / LB,MINT,21.4
243,,STATE,2015,"MINT, PEPPERMINT, OIL ","YIELD, MEASURED IN LB / ACRE",PEPPERMINT,TOTAL,LB / ACRE,MINT,105
244,,STATE,2015,"MINT, SPEARMINT, OIL ",ACRES HARVESTED,SPEARMINT,TOTAL,ACRES,MINT,1300
245,,STATE,2015,"MINT, SPEARMINT, OIL ","PRICE RECEIVED, MEASURED IN $ / LB",SPEARMINT,TOTAL,$ / LB,MINT,19.2
246,,STATE,2015,"MINT, SPEARMINT, OIL ","YIELD, MEASURED IN LB / ACRE",SPEARMINT,TOTAL,LB / ACRE,MINT,145
247,,STATE,2015,OATS ,ACRES HARVESTED,ALL CLASSES,TOTAL,ACRES,OATS,15000
248,,STATE,2015,OATS ,"PRICE RECEIVED, MEASURED IN $ / BU",ALL CLASSES,TOTAL,$ / BU,OATS,2.87
249,,STATE,2015,OATS ,"YIELD, MEASURED IN BU / ACRE",ALL CLASSES,TOTAL,BU / ACRE,OATS,86
250,,STATE,2015,"PEAS, AUSTRIAN WINTER ",ACRES HARVESTED,AUSTRIAN WINTER,TOTAL,ACRES,PEAS,11000
251,,STATE,2015,"PEAS, AUSTRIAN WINTER ","PRICE RECEIVED, MEASURED IN $ / CWT",AUSTRIAN WINTER,TOTAL,$ / CWT,PEAS,24.1
252,,STATE,2015,"PEAS, AUSTRIAN WINTER ","YIELD, MEASURED IN LB / ACRE",AUSTRIAN WINTER,TOTAL,LB / ACRE,PEAS,1200
253,,STATE,2015,"PEAS, DRY EDIBLE ",ACRES HARVESTED,DRY EDIBLE,TOTAL,ACRES,PEAS,50000
254,,STATE,2015,"PEAS, DRY EDIBLE ","PRICE RECEIVED, MEASURED IN $ / CWT",DRY EDIBLE,TOTAL,$ / CWT,PEAS,12.8
255,,STATE,2015,"PEAS, DRY EDIBLE ","YIELD, MEASURED IN LB / ACRE",DRY EDIBLE,TOTAL,LB / ACRE,PEAS,1400
256,,STATE,2015,"PEAS, WRINKLED SEED ","PRICE RECEIVED, MEASURED IN $ / CWT",WRINKLED SEED,TOTAL,$ / CWT,PEAS,35.6
260,,STATE,2015,SUGARBEETS ,ACRES HARVESTED,ALL CLASSES,TOTAL,ACRES,SUGARBEETS,172000
261,,STATE,2015,SUGARBEETS ,"PRICE RECEIVED, MEASURED IN $ / TON",ALL CLASSES,TOTAL,$ / TON,SUGARBEETS,45.5
265,,STATE,2015,SUGARBEETS ,"YIELD, MEASURED IN TONS / ACRE",ALL CLASSES,TOTAL,TONS / ACRE,SUGARBEETS,38.3
266,,STATE,2015,WHEAT ,ACRES HARVESTED,ALL CLASSES,TOTAL,ACRES,WHEAT,NA
267,,STATE,2015,WHEAT ,"PRICE RECEIVED, MEASURED IN $ / BU",ALL CLASSES,TOTAL,$ / BU,WHEAT,5.03
268,,STATE,2015,WHEAT ,"YIELD, MEASURED IN BU / ACRE",ALL CLASSES,TOTAL,BU / ACRE,WHEAT,77.4
273,,STATE,2015,"WHEAT, SPRING, (EXCL DURUM) ",ACRES HARVESTED,"SPRING, (EXCL DURUM)",TOTAL,ACRES,WHEAT,435000
274,,STATE,2015,"WHEAT, SPRING, (EXCL DURUM) ","PRICE RECEIVED, MEASURED IN $ / BU","SPRING, (EXCL DURUM)",TOTAL,$ / BU,WHEAT,5.13
279,,STATE,2015,"WHEAT, SPRING, (EXCL DURUM) ","YIELD, MEASURED IN BU / ACRE","SPRING, (EXCL DURUM)",TOTAL,BU / ACRE,WHEAT,70
282,,STATE,2015,"WHEAT, SPRING, (EXCL DURUM), IRRIGATED ",ACRES HARVESTED,"SPRING, (EXCL DURUM)",TOTAL,ACRES,WHEAT,220000
285,,STATE,2015,"WHEAT, SPRING, (EXCL DURUM), IRRIGATED ","YIELD, MEASURED IN BU / ACRE","SPRING, (EXCL DURUM)",TOTAL,BU / ACRE,WHEAT,98
288,,STATE,2015,"WHEAT, SPRING, (EXCL DURUM), NON-IRRIGATED ",ACRES HARVESTED,"SPRING, (EXCL DURUM)",TOTAL,ACRES,WHEAT,215000
291,,STATE,2015,"WHEAT, SPRING, (EXCL DURUM), NON-IRRIGATED ","YIELD, MEASURED IN BU / ACRE","SPRING, (EXCL DURUM)",TOTAL,BU / ACRE,WHEAT,41.4
292,,STATE,2015,"WHEAT, SPRING, DURUM ",ACRES HARVESTED,"SPRING, DURUM",TOTAL,ACRES,WHEAT,10000
293,,STATE,2015,"WHEAT, SPRING, DURUM ","PRICE RECEIVED, MEASURED IN $ / BU","SPRING, DURUM",TOTAL,$ / BU,WHEAT,6.41
294,,STATE,2015,"WHEAT, SPRING, DURUM ","YIELD, MEASURED IN BU / ACRE","SPRING, DURUM",TOTAL,BU / ACRE,WHEAT,70
299,,STATE,2015,"WHEAT, WINTER ",ACRES HARVESTED,WINTER,TOTAL,ACRES,WHEAT,710000
300,,STATE,2015,"WHEAT, WINTER ","PRICE RECEIVED, MEASURED IN $ / BU",WINTER,TOTAL,$ / BU,WHEAT,4.96
305,,STATE,2015,"WHEAT, WINTER ","YIELD, MEASURED IN BU / ACRE",WINTER,TOTAL,BU / ACRE,WHEAT,82
308,,STATE,2015,"WHEAT, WINTER, IRRIGATED ",ACRES HARVESTED,WINTER,TOTAL,ACRES,WHEAT,270000
311,,STATE,2015,"WHEAT, WINTER, IRRIGATED ","YIELD, MEASURED IN BU / ACRE",WINTER,TOTAL,BU / ACRE,WHEAT,115.2
314,,STATE,2015,"WHEAT, WINTER, NON-IRRIGATED ",ACRES HARVESTED,WINTER,TOTAL,ACRES,WHEAT,440000
317,,STATE,2015,"WHEAT, WINTER, NON-IRRIGATED ","YIELD, MEASURED IN BU / ACRE",WINTER,TOTAL,BU / ACRE,WHEAT,61.6
318,,STATE,2015,APPLES ,"PRICE RECEIVED, MEASURED IN $ / LB",ALL CLASSES,TOTAL,$ / LB,APPLES,0.326
319,,STATE,2015,APPLES ,"YIELD, MEASURED IN LB / ACRE",ALL CLASSES,TOTAL,LB / ACRE,APPLES,20000
320,,STATE,2015,"APPLES, FRESH MARKET ","PRICE RECEIVED, MEASURED IN $ / LB",ALL CLASSES,TOTAL,$ / LB,APPLES,0.458
321,,STATE,2015,"APPLES, PROCESSING ","PRICE RECEIVED, MEASURED IN $ / TON",ALL CLASSES,TOTAL,$ / TON,APPLES,155
322,,STATE,2015,"CHERRIES, SWEET ","PRICE RECEIVED, MEASURED IN $ / TON",SWEET,TOTAL,$ / TON,CHERRIES,2010
323,,STATE,2015,"CHERRIES, SWEET ","YIELD, MEASURED IN TONS / ACRE",SWEET,TOTAL,TONS / ACRE,CHERRIES,2.78
324,,STATE,2015,PEACHES ,"PRICE RECEIVED, MEASURED IN $ / TON",ALL CLASSES,TOTAL,$ / TON,PEACHES,943
325,,STATE,2015,PEACHES ,"YIELD, MEASURED IN TONS / ACRE",ALL CLASSES,TOTAL,TONS / ACRE,PEACHES,7.59
326,,STATE,2015,PLUMS & PRUNES ,"PRICE RECEIVED, MEASURED IN $ / TON",ALL CLASSES,TOTAL,$ / TON,PLUMS & PRUNES,511
327,,STATE,2015,PLUMS & PRUNES ,"YIELD, MEASURED IN TONS / ACRE",ALL CLASSES,TOTAL,TONS / ACRE,PLUMS & PRUNES,5
328,,STATE,2015,"ONIONS, DRY ",ACRES HARVESTED,DRY,TOTAL,ACRES,ONIONS,8000
329,,STATE,2015,"ONIONS, DRY ","PRICE RECEIVED, MEASURED IN $ / CWT",DRY,TOTAL,$ / CWT,ONIONS,10.1
330,,STATE,2015,"ONIONS, DRY ","YIELD, MEASURED IN CWT / ACRE",DRY,TOTAL,CWT / ACRE,ONIONS,720
331,,STATE,2015,"ONIONS, DRY, SUMMER, STORAGE ",ACRES HARVESTED,"DRY, SUMMER, STORAGE",TOTAL,ACRES,ONIONS,8000
332,,STATE,2015,"ONIONS, DRY, SUMMER, STORAGE ","PRICE RECEIVED, MEASURED IN $ / CWT","DRY, SUMMER, STORAGE",TOTAL,$ / CWT,ONIONS,10.1
333,,STATE,2015,"ONIONS, DRY, SUMMER, STORAGE ","YIELD, MEASURED IN CWT / ACRE","DRY, SUMMER, STORAGE",TOTAL,CWT / ACRE,ONIONS,720
336,,STATE,2015,POTATOES ,ACRES HARVESTED,ALL CLASSES,TOTAL,ACRES,POTATOES,322000
337,,STATE,2015,POTATOES ,"PRICE RECEIVED, MEASURED IN $ / CWT",ALL CLASSES,TOTAL,$ / CWT,POTATOES,7
340,,STATE,2015,POTATOES ,"YIELD, MEASURED IN CWT / ACRE",ALL CLASSES,TOTAL,CWT / ACRE,POTATOES,405
341,,STATE,2015,"POTATOES, FRESH MARKET ","PRICE RECEIVED, MEASURED IN $ / CWT",ALL CLASSES,TOTAL,$ / CWT,POTATOES,5.55
342,,STATE,2015,"POTATOES, PROCESSING ","PRICE RECEIVED, MEASURED IN $ / CWT",ALL CLASSES,TOTAL,$ / CWT,POTATOES,7.05
343,,STATE,2015,"POTATOES, FALL ",ACRES HARVESTED,FALL,TOTAL,ACRES,POTATOES,322000
344,,STATE,2015,"POTATOES, FALL ","PRICE RECEIVED, MEASURED IN $ / CWT",FALL,TOTAL,$ / CWT,POTATOES,7
345,,STATE,2015,"POTATOES, FALL ","YIELD, MEASURED IN CWT / ACRE",FALL,TOTAL,CWT / ACRE,POTATOES,405
346,,STATE,2015,"VEGETABLE TOTALS, 34 MAJOR, VARIES BY SEASON, FRESH MARKET ",ACRES HARVESTED,"34 MAJOR, VARIES BY SEASON",TOTAL,ACRES,VEGETABLE TOTALS,8000